wtwGqhz@gmail.com,READ,2024-09-27 11:34:52
TodRvU@ya.ru,DELETE,2024-09-27 15:32:09
dGuVCjzVQ@gmail.com,UPDATE,2024-09-27 05:16:00
IVUiUo@gmail.com,CREATE,2024-09-27 22:55:02
bCSAMDUKgDdx@mail.ru,CREATE,2024-09-27 03:45:14
HaqMwydQvRM@ya.ru,DELETE,2024-09-27 07:54:59
VUFsBayp@gmail.com,DELETE,2024-09-27 11:51:35
ASgBJgzpZ@gmail.com,READ,2024-09-27 02:48:01
VSyBdkkTOnXuCV@ya.ru,UPDATE,2024-09-27 19:16:01
vDnqOlKpNHzYQ@mail.ru,CREATE,2024-09-27 01:52:50
ASgBJgzpZ@gmail.com,UPDATE,2024-09-27 00:03:09
HwNTLMUJFI@gmail.com,UPDATE,2024-09-27 15:47:50
VUFsBayp@gmail.com,DELETE,2024-09-27 12:19:17
mFCikwuT@ya.ru,READ,2024-09-27 13:22:21
ASgBJgzpZ@gmail.com,DELETE,2024-09-27 04:42:18
lPdtrnuq@gmail.com,UPDATE,2024-09-27 10:45:49
VSyBdkkTOnXuCV@ya.ru,READ,2024-09-27 15:39:03
kScSUEdbUWv@mail.ru,CREATE,2024-09-27 06:10:54
mFCikwuT@ya.ru,DELETE,2024-09-27 17:57:38
dneWuEkKB@gmail.com,READ,2024-09-27 23:07:37
VSyBdkkTOnXuCV@ya.ru,CREATE,2024-09-27 01:30:44
kGpAHxRVWXVUEd@mail.ru,CREATE,2024-09-27 23:12:10
ceuNmV@mail.ru,READ,2024-09-27 13:11:51
WAYVrrT@mail.ru,READ,2024-09-27 14:36:11
IVUiUo@gmail.com,READ,2024-09-27 03:38:26
nrTyrKrzk@ya.ru,DELETE,2024-09-27 23:13:00
qnMUtKKyQnHWE@gmail.com,UPDATE,2024-09-27 20:26:14
kScSUEdbUWv@mail.ru,DELETE,2024-09-27 15:56:35
ceuNmV@mail.ru,CREATE,2024-09-27 11:51:01
wtwGqhz@gmail.com,UPDATE,2024-09-27 14:18:15
zTtICQ@ya.ru,CREATE,2024-09-27 20:27:02
OfpqfmZTqq@mail.ru,READ,2024-09-27 13:52:11
HQltxMUxZicHTn@gmail.com,READ,2024-09-27 07:27:03
wtwGqhz@gmail.com,READ,2024-09-27 03:27:45
zTtICQ@ya.ru,READ,2024-09-27 09:43:29
dGuVCjzVQ@gmail.com,CREATE,2024-09-27 20:38:25
rlAfbfbqhbfLz@gmail.com,CREATE,2024-09-27 08:57:50
dGuVCjzVQ@gmail.com,READ,2024-09-27 13:37:05
HJPGbbfgmG@mail.ru,UPDATE,2024-09-27 01:30:14
NNDRekyHDorkyX@gmail.com,DELETE,2024-09-27 07:11:58
reMvnpyac@gmail.com,CREATE,2024-09-27 20:27:25
xSihUcTBI@ya.ru,READ,2024-09-27 15:45:03
xSihUcTBI@ya.ru,UPDATE,2024-09-27 14:44:12
vDnqOlKpNHzYQ@mail.ru,DELETE,2024-09-27 06:55:46
kScSUEdbUWv@mail.ru,DELETE,2024-09-27 06:44:23
MtiGsnBcMppNbg@mail.ru,READ,2024-09-27 09:52:05
dIPfBj@gmail.com,READ,2024-09-27 18:12:04
DAyCRBGLXvcxn@ya.ru,READ,2024-09-27 02:07:45
dneWuEkKB@gmail.com,UPDATE,2024-09-27 03:03:16
pQKlFEG@gmail.com,CREATE,2024-09-27 20:29:27
vlMBjAG@ya.ru,UPDATE,2024-09-27 08:48:23
zTtICQ@ya.ru,UPDATE,2024-09-27 20:39:37
IVUiUo@gmail.com,DELETE,2024-09-27 09:40:16
bkLAzb@mail.ru,CREATE,2024-09-27 19:41:27
MiPjN@mail.ru,CREATE,2024-09-27 01:21:22
MiPjN@mail.ru,DELETE,2024-09-27 04:57:48
PgAScW@gmail.com,DELETE,2024-09-27 23:48:25
RTXdPxxLuerMRD@ya.ru,DELETE,2024-09-27 09:32:03
mxzOfPcPy@gmail.com,CREATE,2024-09-27 00:22:02
nrTyrKrzk@ya.ru,DELETE,2024-09-27 05:41:30
TodRvU@ya.ru,CREATE,2024-09-27 07:58:49
HwNTLMUJFI@gmail.com,CREATE,2024-09-27 09:02:58
zTtICQ@ya.ru,CREATE,2024-09-27 13:31:49
GMbKMLqgg@mail.ru,DELETE,2024-09-27 23:01:15
WAYVrrT@mail.ru,READ,2024-09-27 03:29:55
wlQvxaZEl@gmail.com,DELETE,2024-09-27 16:00:31
bCSAMDUKgDdx@mail.ru,READ,2024-09-27 16:41:40
dIPfBj@gmail.com,READ,2024-09-27 16:09:48
bCSAMDUKgDdx@mail.ru,READ,2024-09-27 05:38:22
mFCikwuT@ya.ru,READ,2024-09-27 07:34:19
dIPfBj@gmail.com,READ,2024-09-27 23:30:00
bkLAzb@mail.ru,DELETE,2024-09-27 04:35:10
HJPGbbfgmG@mail.ru,DELETE,2024-09-27 03:01:44
NNDRekyHDorkyX@gmail.com,CREATE,2024-09-27 22:12:19
oZfEirXmvYI@mail.ru,DELETE,2024-09-27 07:15:15
pQKlFEG@gmail.com,DELETE,2024-09-27 07:51:41
mFCikwuT@ya.ru,READ,2024-09-27 02:14:49
qnMUtKKyQnHWE@gmail.com,READ,2024-09-27 15:05:15
zTtICQ@ya.ru,UPDATE,2024-09-27 05:45:03
xSihUcTBI@ya.ru,DELETE,2024-09-27 06:06:53
reMvnpyac@gmail.com,CREATE,2024-09-27 07:44:01
rlAfbfbqhbfLz@gmail.com,UPDATE,2024-09-27 07:17:47
qnMUtKKyQnHWE@gmail.com,UPDATE,2024-09-27 13:10:23
updRM@ya.ru,DELETE,2024-09-27 14:07:25
ceuNmV@mail.ru,CREATE,2024-09-27 00:26:37
DAyCRBGLXvcxn@ya.ru,CREATE,2024-09-27 22:57:32
HwNTLMUJFI@gmail.com,CREATE,2024-09-27 16:18:50
bkLAzb@mail.ru,READ,2024-09-27 22:37:24
HwNTLMUJFI@gmail.com,CREATE,2024-09-27 15:00:24
NZhYIDNgTUst@ya.ru,READ,2024-09-27 23:43:02
dneWuEkKB@gmail.com,READ,2024-09-27 03:17:35
HwNTLMUJFI@gmail.com,READ,2024-09-27 09:25:52
tgnhihUWUkb@ya.ru,DELETE,2024-09-27 09:28:46
IVUiUo@gmail.com,UPDATE,2024-09-27 13:42:19
MiPjN@mail.ru,READ,2024-09-27 08:47:08
MiPjN@mail.ru,DELETE,2024-09-27 14:30:04
dIPfBj@gmail.com,DELETE,2024-09-27 06:53:10
MiPjN@mail.ru,READ,2024-09-27 12:07:45
RTXdPxxLuerMRD@ya.ru,READ,2024-09-27 16:30:33
DAyCRBGLXvcxn@ya.ru,CREATE,2024-09-27 20:37:20